row_type,course,subject_key,display_label,example_topics,confidence,evidence,notes
subject,VTMD 506,surgery,Surgery,Suturing,High,"P3 spec 6.2 ('HICC -> VTMD 506 / Surgery') and 6.4 token 'hicc|VTMD 506|surgery'; plan T2; tests/academic-responsibility.test.js; tests/teaching-assignment-groups.test.js:9 (Bovine Surgery HICC); tests/workflow-functional-completion.test.js:19 (LAB 'Suturing'); user-management.html scope placeholder","Most consistently used pairing across the spec, plan and tests"
subject,VTMD 506,anesthesia,Anesthesia,(none in repo data),Medium,"P3 spec 6.2 ('HICC -> VTMD 506 / Anesthesia'); plan T3 example record {key:'anesthesia',label:'Anesthesia',active:false}; tests/academic-responsibility.test.js:53","Pairing is spec-stated but no topics exist in data; plan example shows it inactive; decide spelling (Anesthesia vs Anaesthesia) before creating"
subject,VTMD 506,medicine,Medicine,(none in repo data),Medium,"P3 spec 6.5 Bovine group (hicc-bovine-medicine); tests/teaching-assignment-groups.test.js:8 ('hicc|VTMD 506|medicine'); tests/teaching-assignment-submission-security-emulator.test.js:213","Group/HICC example only; no session topics"
subject,VTMD 505,surgery,Surgery,"Pre-operative Management; Surgery basics; Surgery; Pre-Op Lab; Suturing",Medium,"P3 spec 6.3 example (course VTMD 505, subjectKey surgery, topic 'Pre-operative Management'); tests/timetable-ownership-save.test.js:11 and tests/helpers/teaching-assignment-security.js:7 (courseName 'Surgery'); tests/calendar.test.js:56; tests/assignment-contributions.test.js; audit/calendar fixtures with course '505' (LAB 'Pre-Op Lab', 'Suturing')","Conflict: other fixtures name course 505 'Clinical Skills III' / 'Clinical Skills' (19 + 9 occurrences) and use the bare code '505'; the spec also uses VTMD 505 as a course-wide HICC scope, so a Subject may not be needed"
subject,VTMD 521,surgery,Surgery,(none in repo data),Low,"P3 spec 13.4 DOE illustration only ('VISC -> VTMD 521 / Surgery')","Appears once, as a DOE example rather than a catalogue entry"
subject,VTMD 507,surgery,Surgery,(none in repo data),Low,"tests/teaching-assignment-review.test.js:63 (course VTMD 507, subjectKey surgery)","Other fixtures treat VTMD 507 as course-wide (Equine HICC 'hicc|VTMD 507|*', tests/teaching-assignment-groups.test.js:65)"
subject,(course not stated),anatomy,Anatomy,(none in repo data),Medium,"DOE VISC subject mapping fixtures: server/test/firestore-repository.test.js:69; server/test/rulebook-service.test.js:25,143; server/test/calculation-service.test.js:103; tools/pages-demo-runtime.js:553 ('demo-visc-anatomy'); faculty-admin-enhancements.js:203 placeholder 'VTMD 204 or Anatomy'","Subject itself is well attested (curriculumStage year_2/year_3) but no course is linked; DOE subject mappings are a separate model from the Teaching Subject catalog (spec 6.3, plan T3), so key alignment is optional"
subject,(course not stated),pharmacology,Pharmacology,(none in repo data),Low,"server/test/rulebook-service.test.js:127","Used only as a 'missing subject mapping' test case"
subject,601,neurology,Neurology,Neuro,Low,"Fixture course '601' / courseName 'Lab Skills' with LAB topic 'Neuro'; tools/seed/dataset.js:457 synthetic HICC group 'Neurology Rotation' (VETM 401/402)","Inferred from a topic word and a synthetic group name; course code is bare '601'"
course_wide,VTMD 505,,(course-wide — no Subject needed),"see VTMD 505 / surgery row",Medium,"P3 spec 6.2 ('HICC -> VTMD 505') and 6.4 token 'hicc|VTMD 505|*'; plan T2","Spec example of a course-wide HICC scope; conflicts with the 505/surgery fixtures above"
course_wide,VTMD 204,,(course-wide — no Subject needed),Passports,Medium,"P3 spec 6.6 ('VTMD 204 HICC', 'hicc|VTMD 204|*'); tests/teaching-responsibility.test.js:8; tests/timetable-selection.test.js:295; fixture course '204' / courseName 'Foundations I' with LEC topic 'Passports'; HICC role fixtures use subjectKey ''","Consistently course-wide in all data"
course_wide,VTMD 507,,(course-wide — no Subject needed),(none in repo data),Low,"tests/teaching-assignment-groups.test.js:65 (Equine HICC 'hicc|VTMD 507|*')","See VTMD 507 / surgery row for the conflicting fixture"
course_wide,VTMD 590,,(course-wide — no Subject needed),(none in repo data),Medium,"P3 spec 6.4 token 'rotation_coordinator|VTMD 590|*'; tests/academic-responsibility.test.js:87-91","Rotation-coordinator scope (parsed, but grants no HICC rights in P3.1)"
synthetic_demo,VETM 301,anatomy,Anatomy,"Foundations; Applied principles; Case discussion; Current evidence",Low,"tools/seed/dataset.js:69 course 'Veterinary Anatomy I'; topics from LECTURE_TOPICS (dataset.js:79)","Synthetic demo seed only; topics are assigned randomly across all courses (dataset.js:250), so they do not describe this course"
synthetic_demo,VETM 302,physiology,Physiology,"Foundations; Applied principles; Case discussion; Current evidence",Low,"tools/seed/dataset.js:70 'Veterinary Physiology'","Synthetic demo seed only"
synthetic_demo,VETM 401,clinical-skills,Clinical Skills,"Suturing; Venipuncture; Instrument identification",Low,"tools/seed/dataset.js:71 'Clinical Skills I'; LAB_TOPICS (dataset.js:78)","Synthetic demo seed only; random topic assignment"
synthetic_demo,VETM 402,small-animal-medicine,Small Animal Medicine,"Foundations; Case discussion",Low,"tools/seed/dataset.js:72 'Small Animal Medicine'","Synthetic demo seed only; note a test uses the invalid key 'small animal' (space), which the key grammar rejects"
synthetic_demo,VETM 501,surgery,Surgery,"Suturing; Instrument identification",Low,"tools/seed/dataset.js:73 'Large Animal Surgery'; dataset.js:470 group 'Surgery Rotation'","Synthetic demo seed only"
synthetic_demo,VETM 502,diagnostic-imaging,Diagnostic Imaging,Radiograph positioning,Low,"tools/seed/dataset.js:74 'Diagnostic Imaging'; LAB_TOPICS","Synthetic demo seed only"
synthetic_demo,VETM 503,anesthesia,Anesthesia,Anesthetic circuit,Low,"tools/seed/dataset.js:75 'Anesthesia and Analgesia'; LAB_TOPICS","Synthetic demo seed only"
not_recommended,VTMD 505/506,surgery-core,Surgery Core,,Not recommended,"tests/academic-responsibility.test.js:41,83-84","Exists only as a substring-attack test case (surgery vs surgery-core)"
not_recommended,VTMD 505,small animal,Small Animal,,Not recommended,"tests/academic-responsibility.test.js:24","Invalid key (contains a space; grammar is ^[a-z][a-z0-9_-]{0,63}$); test asserts it is rejected"
not_recommended,,inactive / another / Subject,,,Not recommended,"tests/subject-catalog*.test.js and other fixtures","Test placeholders, not real Subjects"
